fromAddress,contractAddress,toAddress,amount,dateTime,hash
TWd4WrZ9wn84f5x1hZhL4DHvk738ns5jwb,0,TV6MuMXfmLbBqPZvBHdwFsDnQeVfnmiuSi,1.8E+8,1671719337000,2f01fd6d2fa7054ed680f0568b085130035a2c6b9902180d3c7fd2c1b64d5463
TWd4WrZ9wn84f5x1hZhL4DHvk738ns5jwb,0,TV6MuMXfmLbBqPZvBHdwFsDnQeVfnmiuSi,1.0E+8,1671237522000,a9ba2b4e9d32ae8a44c5e3943707b0fb2e9494e2f7e5b7da1a34bd5c1057b97c
TWd4WrZ9wn84f5x1hZhL4DHvk738ns5jwb,0,TV6MuMXfmLbBqPZvBHdwFsDnQeVfnmiuSi,2.0E+8,1670930172000,ae04512e5d8c17e8175d4f6acff8950f861f8c281376431ae8bb6ba47b83a191
TWd4WrZ9wn84f5x1hZhL4DHvk738ns5jwb,0,TD66fu1n11ypUiprasfFiRBuXgj8jcNzvJ,14040227,1669823223000,4ed6efd9c744f96669a4cab455d54ca00ca8a4871d05fb7236f4ba8a2da7613e
TV6MuMXfmLbBqPZvBHdwFsDnQeVfnmiuSi,0,TWd4WrZ9wn84f5x1hZhL4DHvk738ns5jwb,166713652.54,1668788586000,98feef68fc9d029aef852c37347484f06f46f8ba7de7336898303dab90267a0c
TJDENsfBJs4RFETt1X1W8wMDc8M5XnJhCe,0,TWd4WrZ9wn84f5x1hZhL4DHvk738ns5jwb,38531351.182,1668788586000,50f02c72294215da9328fc35d5810d82978dec07afa643bdbcdeb406e906fbbf
TYASr5UV6HEcXatwdFQfmLVUqQQQMUxHLS,0,TWd4WrZ9wn84f5x1hZhL4DHvk738ns5jwb,24722908.583,1668788586000,6fb169e1717680bb1335937c8ad162659febe497e6ec9e23c5926872d984d030
TNXoiAJ3dct8Fjg4M9fkLFh9S2v9TXc32G,0,TWd4WrZ9wn84f5x1hZhL4DHvk738ns5jwb,42775040.063,1668788583000,8bf1fcd2455c873c04058488795bcbc8c0072b1d309dd91581ad7d93859a82c7
TWd4WrZ9wn84f5x1hZhL4DHvk738ns5jwb,0,TD66fu1n11ypUiprasfFiRBuXgj8jcNzvJ,14510045,1667118759000,1d94d4e343a93e6370a365c2fc23bb4f6091a333c8e44a2abb335335d666a915
TWd4WrZ9wn84f5x1hZhL4DHvk738ns5jwb,0,TD66fu1n11ypUiprasfFiRBuXgj8jcNzvJ,13639864,1664351145000,82c332d663491655d4b517b364b7d6f5f3d405323b0b62fcac935d73077ad7f5
TWd4WrZ9wn84f5x1hZhL4DHvk738ns5jwb,0,TJCo98saj6WND61g1uuKwJ9GMWMT9WkJFo,1.0E+8,1661769180000,2b71ac7f1261172201d2e5eccc444513e325df6f688eff8f720dc51297f5c3b1
TWd4WrZ9wn84f5x1hZhL4DHvk738ns5jwb,0,TD66fu1n11ypUiprasfFiRBuXgj8jcNzvJ,12004634,1661752416000,dcffa0dcd59d33cb2f45d23cbd9ff2458f9798df89e16f52a4d1169bf9c1ff80
TWd4WrZ9wn84f5x1hZhL4DHvk738ns5jwb,0,TD66fu1n11ypUiprasfFiRBuXgj8jcNzvJ,11687804,1659192741000,4a80039a78e76772aec228c0f8560b713a9580408f6d8aa04a0aa1f6f5686bda
TWd4WrZ9wn84f5x1hZhL4DHvk738ns5jwb,0,TD66fu1n11ypUiprasfFiRBuXgj8jcNzvJ,12662419,1656657174000,9063f29edf2305d258d5dfa1ef452aab9e016e4f55a55ac48d12685c37e8d41b
